{
  "description": "项目私有配置文件。此文件中的内容将覆盖 project.config.json 中的相同字段。项目的改动优先同步到此文件中。详见文档：https://developers.weixin.qq.com/miniprogram/dev/devtools/projectconfig.html",
  "projectname": "work",
  "setting": {
    "compileHotReLoad": true,
    "urlCheck": false
  },
  "condition": {
    "miniprogram": {
      "list": [
        {
          "name": "pages/order/order",
          "pathName": "pages/order/order",
          "query": "",
          "launchMode": "default",
          "scene": null
        },
        {
          "name": "pages/address/address",
          "pathName": "pages/address/address",
          "query": "",
          "launchMode": "default",
          "scene": null
        },
        {
          "name": "pages/address-edit/address-edit",
          "pathName": "pages/address-edit/address-edit",
          "query": "",
          "launchMode": "default",
          "scene": null
        },
        {
          "name": "pages/product-details/product-details",
          "pathName": "pages/product-details/product-details",
          "query": "",
          "launchMode": "default",
          "scene": null
        },
        {
          "name": "pages/product-info/product-info",
          "pathName": "pages/product-info/product-info",
          "query": "",
          "launchMode": "default",
          "scene": null
        },
        {
          "name": "pages/token/token",
          "pathName": "pages/token/token",
          "query": "",
          "launchMode": "default",
          "scene": null
        },
        {
          "name": "pages/favorite/favorite",
          "pathName": "pages/favorite/favorite",
          "query": "",
          "launchMode": "default",
          "scene": null
        },
        {
          "name": "pages/order-details/order-details",
          "pathName": "pages/order-details/order-details",
          "query": "",
          "launchMode": "default",
          "scene": null
        },
        {
          "name": "pages/order/order",
          "pathName": "pages/order/order",
          "query": "",
          "launchMode": "default",
          "scene": null
        },
        {
          "name": "pages/cart/cart",
          "pathName": "pages/cart/cart",
          "query": "",
          "launchMode": "default",
          "scene": null
        },
        {
          "name": "pages/logs/logs",
          "pathName": "pages/logs/logs",
          "query": "",
          "launchMode": "default",
          "scene": null
        },
        {
          "name": "pages/message/message",
          "pathName": "pages/message/message",
          "query": "",
          "launchMode": "default",
          "scene": null
        },
        {
          "name": "pages/profile/profile",
          "pathName": "pages/profile/profile",
          "query": "",
          "launchMode": "default",
          "scene": null
        },
        {
          "name": "pages/home/home",
          "pathName": "pages/home/home",
          "query": "",
          "launchMode": "default",
          "scene": null
        },
        {
          "name": "pages/index/index",
          "pathName": "pages/index/index",
          "query": "",
          "launchMode": "default",
          "scene": null
        }
      ]
    }
  }
}