{
  "compileType": "miniprogram",
  "libVersion": "trial",
  "packOptions": {
    "ignore": [],
    "include": []
  },
  "setting": {
    "coverView": true,
    "es6": true,
    "postcss": true,
    "minified": true,
    "enhance": true,
    "showShadowRootInWxmlPanel": true,
    "packNpmRelationList": [
      {
        "packageJsonPath": "./package.json",
        "miniprogramNpmDistDir": "./miniprogram_npm"
      }
    ],
    "packNpmManually": true,
    "babelSetting": {
      "ignore": [],
      "disablePlugins": [],
      "outputPath": ""
    },
    "useCompilerPlugins": [
      "typescript",
      "less"
    ]
  },
  "condition": {},
  "editorSetting": {
    "tabIndent": "auto",
    "tabSize": 2
  },
  "appid": "wxec7e564f638e8012"
}