{"openapi":"3.0.1","info":{"title":"数据库","description":"","version":"1.0.0"},"tags":[{"name":"员工相关接口"},{"name":"工作台接口"},{"name":"数据统计相关接口"},{"name":"订单管理接口"},{"name":"菜品相关接口"}],"paths":{"/marketer/editPassword":{"put":{"summary":"修改密码 Copy","deprecated":false,"description":"","tags":["员工相关接口"],"parameters":[{"name":"Content-Type","in":"header","description":"","required":true,"example":"application/json","schema":{"type":"string"}}],"requestBody":{"content":{"application/json":{"schema":{"type":"object","properties":{"empId":{"type":"integer","format":"int64","description":"商户id"},"newPassword":{"type":"string","description":"新密码"},"oldPassword":{"type":"string","description":"旧密码"}},"title":"PasswordEditDTO","$$ref":"#/definitions/PasswordEditDTO","required":["empId","newPassword","oldPassword"]}}}},"responses":{"200":{"description":"","content":{"application/json":{"schema":{"type":"object","properties":{"code":{"type":"integer","format":"int32"},"data":{"type":"string"},"msg":{"type":"string"}},"title":"R«string»","$$ref":"#/definitions/R«string»","required":["code"]}}},"headers":{}}},"security":[]}},"/marketer/login":{"post":{"summary":"登录 Copy","deprecated":false,"description":"","tags":["员工相关接口"],"parameters":[{"name":"Content-Type","in":"header","description":"","required":true,"example":"application/json","schema":{"type":"string"}}],"requestBody":{"content":{"application/json":{"schema":{"type":"object","properties":{"password":{"type":"string","description":"密码"},"username":{"type":"string","description":"用户名"}},"title":"EmployeeLoginDTO","description":"员工登录时传递的数据模型","$$ref":"#/definitions/EmployeeLoginDTO","required":["password","username"]}}}},"responses":{"200":{"description":"","content":{"application/json":{"schema":{"type":"object","properties":{"code":{"type":"integer","format":"int32"},"data":{"type":"object","properties":{"id":{"type":"integer","format":"int64","description":"主键值"},"name":{"type":"string","description":"姓名"},"token":{"type":"string","description":"jwt令牌"},"userName":{"type":"string","description":"用户名"}},"title":"EmployeeLoginVO","description":"员工登录返回的数据格式","$$ref":"#/definitions/EmployeeLoginVO"},"msg":{"type":"string"}},"title":"R«EmployeeLoginVO»","$$ref":"#/definitions/R«EmployeeLoginVO»","required":["code"]}}},"headers":{}}},"security":[]}},"/marketer":{"put":{"summary":"编辑商家信息 Copy","deprecated":false,"description":"","tags":["员工相关接口"],"parameters":[{"name":"Content-Type","in":"header","description":"","required":true,"example":"application/json","schema":{"type":"string"}}],"requestBody":{"content":{"application/json":{"schema":{"type":"object","properties":{"id":{"type":"integer","format":"int64"},"name":{"type":"string"},"phone":{"type":"string"},"username":{"type":"string"},"idNumber":{"type":"string"}},"title":"EmployeeDTO","$$ref":"#/definitions/EmployeeDTO","required":["id","name","phone","username","idNumber"]}}}},"responses":{"200":{"description":"","content":{"application/json":{"schema":{"type":"object","properties":{"code":{"type":"integer","format":"int32"},"data":{"type":"string"},"msg":{"type":"string"}},"title":"R«string»","$$ref":"#/definitions/R«string»","required":["code"]}}},"headers":{}}},"security":[]}},"/marketer/logout":{"post":{"summary":"退出登录 Copy","deprecated":false,"description":"","tags":["员工相关接口"],"parameters":[{"name":"Content-Type","in":"header","description":"","required":true,"example":"application/json","schema":{"type":"string"}}],"requestBody":{"content":{"application/json":{"schema":{"type":"object","title":"empty object","properties":{}}}}},"responses":{"200":{"description":"","content":{"application/json":{"schema":{"type":"object","properties":{"code":{"type":"integer","format":"int32"},"data":{"type":"string"},"msg":{"type":"string"}},"title":"R«string»","$$ref":"#/definitions/R«string»","required":["code"]}}},"headers":{}}},"security":[]}},"/marketer/workspace/businessData":{"get":{"summary":"查询今日运营数据","deprecated":false,"description":"","tags":["工作台接口"],"parameters":[],"responses":{"200":{"description":"","content":{"application/json":{"schema":{"type":"object","properties":{"code":{"type":"integer","format":"int32"},"data":{"type":"object","properties":{"orderCompletionRate":{"type":"number","format":"double","description":"订单完成率"},"turnover":{"type":"number","format":"double","description":"营业额"},"validOrderCount":{"type":"integer","format":"int32","description":"有效订单数"}},"title":"BusinessDataVO","$$ref":"#/definitions/BusinessDataVO","required":["orderCompletionRate","turnover","validOrderCount"]},"msg":{"type":"string"}},"title":"R«BusinessDataVO»","$$ref":"#/definitions/R«BusinessDataVO»","required":["code","data"]}}},"headers":{}}},"security":[]}},"/marketer/workspace/overviewDishes":{"get":{"summary":"查询商品总览","deprecated":false,"description":"","tags":["工作台接口"],"parameters":[],"responses":{"200":{"description":"","content":{"application/json":{"schema":{"type":"object","properties":{"code":{"type":"integer","format":"int32"},"data":{"type":"object","properties":{"discontinued":{"type":"integer","format":"int32","description":"已停售菜品数量"},"sold":{"type":"integer","format":"int32","description":"已启售菜品数量"}},"title":"DishOverViewVO","$$ref":"#/definitions/DishOverViewVO","required":["discontinued","sold"]},"msg":{"type":"string"}},"title":"R«DishOverViewVO»","$$ref":"#/definitions/R«DishOverViewVO»","required":["code","data"]}}},"headers":{}}},"security":[]}},"/marketer/workspace/overviewOrders":{"get":{"summary":"查询订单管理数据","deprecated":false,"description":"","tags":["工作台接口"],"parameters":[],"responses":{"200":{"description":"","content":{"application/json":{"schema":{"type":"object","properties":{"code":{"type":"integer","format":"int32"},"data":{"type":"object","properties":{"allOrders":{"type":"integer","format":"int32","description":"全部订单"},"cancelledOrders":{"type":"integer","format":"int32","description":"已取消数量"},"completedOrders":{"type":"integer","format":"int32","description":"已完成数量"},"unsolvedOrders":{"type":"integer","format":"int32","description":"未处理数量"},"tradingOrders":{"type":"integer","format":"int32","description":"交易中数量"}},"title":"OrderOverViewVO","$$ref":"#/definitions/OrderOverViewVO","required":["allOrders","cancelledOrders","completedOrders","unsolvedOrders","tradingOrders"]},"msg":{"type":"string"}},"title":"R«OrderOverViewVO»","$$ref":"#/definitions/R«OrderOverViewVO»","required":["code","data"]}}},"headers":{}}},"security":[]}},"/marketer/report/top10":{"get":{"summary":"查询销量排名top10接口","deprecated":false,"description":"","tags":["数据统计相关接口"],"parameters":[{"name":"begin","in":"query","description":"开始日期（DateOverViewDTO）","required":true,"example":"2022-05-01","schema":{"type":"string"}},{"name":"end","in":"query","description":"结束日期","required":true,"example":"2022-05-31","schema":{"type":"string"}}],"responses":{"200":{"description":"","content":{"application/json":{"schema":{"type":"object","properties":{"code":{"type":"integer","format":"int32"},"data":{"type":"object","properties":{"nameList":{"type":"string","description":"商品名称列表，以逗号分隔"},"numberList":{"type":"string","description":"销量列表，以逗号分隔"}},"title":"SalesTop10ReportVO","$$ref":"#/definitions/SalesTop10ReportVO","required":["nameList","numberList"]},"msg":{"type":"string"}},"title":"R«SalesTop10ReportVO»","$$ref":"#/definitions/R«SalesTop10ReportVO»","required":["code","data"]}}},"headers":{}}},"security":[]}},"/admin/report/turnoverStatistics":{"get":{"summary":"营业额统计接口","deprecated":false,"description":"","tags":["数据统计相关接口"],"parameters":[{"name":"begin","in":"query","description":"开始日期","required":true,"example":"2022-05-01","schema":{"type":"string"}},{"name":"end","in":"query","description":"结束日期","required":true,"example":"2022-05-31","schema":{"type":"string"}}],"responses":{"200":{"description":"","content":{"application/json":{"schema":{"type":"object","properties":{"code":{"type":"integer","format":"int32"},"data":{"type":"object","properties":{"dateList":{"type":"string","description":"日期列表，日期之间以逗号分隔"},"turnoverList":{"type":"string","description":"营业额列表，营业额之间以逗号分隔"}},"title":"TurnoverReportVO","$$ref":"#/definitions/TurnoverReportVO","required":["dateList","turnoverList"]},"msg":{"type":"string"}},"title":"R«TurnoverReportVO»","$$ref":"#/definitions/R«TurnoverReportVO»","required":["code","data"]}}},"headers":{}}},"security":[]}},"/admin/report/ordersStatistics":{"get":{"summary":"订单统计接口","deprecated":false,"description":"","tags":["数据统计相关接口"],"parameters":[{"name":"begin","in":"query","description":"开始日期","required":true,"example":"2022-05-01","schema":{"type":"string"}},{"name":"end","in":"query","description":"结束日期","required":true,"example":"2022-05-31","schema":{"type":"string"}}],"responses":{"200":{"description":"","content":{"application/json":{"schema":{"type":"object","properties":{"code":{"type":"integer","format":"int32"},"data":{"type":"object","properties":{"dateList":{"type":"string","description":"日期列表，以逗号分隔"},"orderCompletionRate":{"type":"number","format":"double","description":"订单完成率"},"orderCountList":{"type":"string","description":"订单数列表，以逗号分隔"},"totalOrderCount":{"type":"integer","format":"int32","description":"订单总数"},"validOrderCount":{"type":"integer","format":"int32","description":"有效订单数"},"validOrderCountList":{"type":"string","description":"有效订单数列表，以逗号分隔"}},"title":"OrderReportVO","$$ref":"#/definitions/OrderReportVO","required":["dateList","orderCompletionRate","orderCountList","totalOrderCount","validOrderCount","validOrderCountList"]},"msg":{"type":"string"}},"title":"R«OrderReportVO»","$$ref":"#/definitions/R«OrderReportVO»","required":["code","data"]}}},"headers":{}}},"security":[]}},"/marketer/order/cancel":{"put":{"summary":"取消订单","deprecated":false,"description":"","tags":["订单管理接口"],"parameters":[{"name":"Content-Type","in":"header","description":"","required":true,"example":"application/json","schema":{"type":"string"}}],"requestBody":{"content":{"application/json":{"schema":{"type":"object","properties":{"cancelReason":{"type":"string","description":"订单取消原因"},"id":{"type":"integer","format":"int64","description":"订单id"}},"title":"OrdersCancelDTO","$$ref":"#/definitions/OrdersCancelDTO","required":["cancelReason","id"]}}}},"responses":{"200":{"description":"","content":{"application/json":{"schema":{"type":"object","properties":{"code":{"type":"integer","format":"int32"},"data":{"type":"object","properties":{}},"msg":{"type":"string"}},"title":"R","$$ref":"#/definitions/R","required":["code"]}}},"headers":{}}},"security":[]}},"/marketer/order/complete/{id}":{"put":{"summary":"完成订单","deprecated":false,"description":"","tags":["订单管理接口"],"parameters":[{"name":"id","in":"path","description":"订单id","required":true,"example":"101","schema":{"type":"string"}},{"name":"Content-Type","in":"header","description":"","required":true,"example":"application/json","schema":{"type":"string"}}],"requestBody":{"content":{"text/plain":{"schema":{"type":"string"}}}},"responses":{"200":{"description":"","content":{"application/json":{"schema":{"type":"object","properties":{"code":{"type":"integer","format":"int32"},"data":{"type":"object","properties":{}},"msg":{"type":"string"}},"title":"R","$$ref":"#/definitions/R","required":["code"]}}},"headers":{}}},"security":[]}},"/marketer/order/confirm":{"put":{"summary":"接单","deprecated":false,"description":"","tags":["订单管理接口"],"parameters":[{"name":"Content-Type","in":"header","description":"","required":true,"example":"application/json","schema":{"type":"string"}}],"requestBody":{"content":{"application/json":{"schema":{"type":"object","properties":{"id":{"type":"integer","format":"int64","description":"订单id"}},"title":"OrdersConfirmDTO","$$ref":"#/definitions/OrdersConfirmDTO","required":["id"]}}}},"responses":{"200":{"description":"","content":{"application/json":{"schema":{"type":"object","properties":{"code":{"type":"integer","format":"int32"},"data":{"type":"object","properties":{}},"msg":{"type":"string"}},"title":"R","$$ref":"#/definitions/R","required":["code"]}}},"headers":{}}},"security":[]}},"/marketer/order/conditionSearch":{"get":{"summary":"订单搜索","deprecated":false,"description":"","tags":["订单管理接口"],"parameters":[{"name":"beginTime","in":"query","description":"beginTime（OrderPageQueryDTO）","required":false,"schema":{"type":"string"}},{"name":"endTime","in":"query","description":"endTime","required":false,"schema":{"type":"string"}},{"name":"number","in":"query","description":"number","required":false,"schema":{"type":"string"}},{"name":"page","in":"query","description":"page","required":true,"schema":{"type":"string"}},{"name":"pageSize","in":"query","description":"pageSize","required":true,"schema":{"type":"string"}},{"name":"phone","in":"query","description":"phone","required":false,"schema":{"type":"string"}},{"name":"status","in":"query","description":"status","required":false,"schema":{"type":"string"}}],"responses":{"200":{"description":"","content":{"application/json":{"schema":{"type":"object","properties":{"code":{"type":"number"},"msg":{"type":"null"},"data":{"type":"object","properties":{"total":{"type":"number"},"records":{"type":"array","items":{"type":"object","properties":{"id":{"type":"number"},"number":{"type":"string"},"status":{"type":"number"},"userId":{"type":"number"},"addressBookId":{"type":"number"},"orderTime":{"type":"string"},"checkoutTime":{"type":"null","nullable":true},"payMethod":{"type":"number"},"payStatus":{"type":"number"},"amount":{"type":"number"},"remark":{"type":"string"},"userName":{"type":"string"},"phone":{"type":"string"},"address":{"type":"string"},"consignee":{"type":"string"},"cancelReason":{"type":"string"},"rejectionReason":{"type":"string"},"cancelTime":{"type":"string"},"estimatedDeliveryTime":{"type":"string"},"deliveryStatus":{"type":"number"},"deliveryTime":{"type":"string"},"packAmount":{"type":"number"},"tablewareNumber":{"type":"number"},"tablewareStatus":{"type":"number"},"orderDishes":{"type":"string","description":"订单包含的菜品，以字符串形式展示"}},"required":["id","number","status","userId","addressBookId","orderTime","checkoutTime","payMethod","payStatus","amount","remark","userName","phone","address","consignee","cancelReason","rejectionReason","cancelTime","estimatedDeliveryTime","deliveryStatus","deliveryTime","packAmount","tablewareNumber","tablewareStatus","orderDishes"]}}}}},"required":["code"]}}},"headers":{}}},"security":[]}},"/marketer/order/statistics":{"get":{"summary":"各个状态的订单数量统计 Copy","deprecated":false,"description":"","tags":["订单管理接口"],"parameters":[],"responses":{"200":{"description":"","content":{"application/json":{"schema":{"type":"object","properties":{"code":{"type":"integer","format":"int32"},"data":{"type":"object","properties":{"deliveryInProgress":{"type":"integer","format":"int32","description":"交易中数量"},"toBeConfirmed":{"type":"integer","format":"int32","description":"待接单数量"}},"title":"OrderStatisticsVO","$$ref":"#/definitions/OrderStatisticsVO","required":["deliveryInProgress","toBeConfirmed"]},"msg":{"type":"string"}},"title":"R«OrderStatisticsVO»","$$ref":"#/definitions/R«OrderStatisticsVO»","required":["code","data"]}}},"headers":{}}},"security":[]}},"/marketer/order/details/{id}":{"get":{"summary":"查询订单详情 Copy","deprecated":false,"description":"","tags":["订单管理接口"],"parameters":[{"name":"id","in":"path","description":"订单id","required":true,"example":"101","schema":{"type":"string"}}],"responses":{"200":{"description":"","content":{"application/json":{"schema":{"type":"object","properties":{"code":{"type":"integer","format":"int32"},"data":{"type":"object","properties":{"address":{"type":"string"},"addressBookId":{"type":"integer","format":"int64"},"amount":{"type":"number"},"cancelReason":{"type":"string"},"cancelTime":{"type":"string","format":"date-time"},"checkoutTime":{"type":"string","format":"date-time"},"consignee":{"type":"string"},"deliveryStatus":{"type":"integer","format":"int32"},"deliveryTime":{"type":"string","format":"date-time"},"estimatedDeliveryTime":{"type":"string","format":"date-time"},"id":{"type":"integer","format":"int64"},"number":{"type":"string"},"orderDetailList":{"type":"array","items":{"type":"object","properties":{"amount":{"type":"number"},"thingId":{"type":"integer","format":"int64"},"id":{"type":"integer","format":"int64"},"image":{"type":"string"},"name":{"type":"string"},"number":{"type":"integer","format":"int32"},"orderId":{"type":"integer","format":"int64"}},"title":"OrderDetail","$$ref":"#/definitions/OrderDetail"}},"orderDishes":{"type":"string"},"orderTime":{"type":"string","format":"date-time"},"packAmount":{"type":"integer","format":"int32"},"payMethod":{"type":"integer","format":"int32"},"payStatus":{"type":"integer","format":"int32"},"phone":{"type":"string"},"rejectionReason":{"type":"string"},"remark":{"type":"string"},"status":{"type":"integer","format":"int32"},"tablewareNumber":{"type":"integer","format":"int32"},"tablewareStatus":{"type":"integer","format":"int32"},"userId":{"type":"integer","format":"int64"},"userName":{"type":"string"}},"title":"OrderVO（detail外的东西buyongcare，直接copy）","$$ref":"#/definitions/OrderVO"},"msg":{"type":"string"}},"title":"R«OrderVO»","$$ref":"#/definitions/R«OrderVO»","required":["code"]}}},"headers":{}}},"security":[]}},"/marketer/thing":{"delete":{"summary":"批量删除菜品","deprecated":false,"description":"","tags":["菜品相关接口"],"parameters":[{"name":"ids","in":"query","description":"商品id，之间用逗号分隔","required":true,"example":"1,2,3","schema":{"type":"string"}}],"requestBody":{"content":{"text/plain":{"schema":{"type":"string"}}}},"responses":{"200":{"description":"","content":{"application/json":{"schema":{"type":"object","properties":{"code":{"type":"integer","format":"int32"},"data":{"type":"string"},"msg":{"type":"string"}},"title":"R«string»","$$ref":"#/definitions/R«string»","required":["code"]}}},"headers":{}}},"security":[]}},"/marketer/dish":{"post":{"summary":"新增菜品","deprecated":false,"description":"","tags":["菜品相关接口"],"parameters":[{"name":"Content-Type","in":"header","description":"","required":true,"example":"application/json","schema":{"type":"string"}}],"requestBody":{"content":{"application/json":{"schema":{"type":"object","properties":{"categoryId":{"type":"integer","format":"int64","description":"分类id"},"description":{"type":"string","description":"菜品描述"},"id":{"type":"integer","format":"int64","description":"菜品id"},"image":{"type":"string","description":"菜品图片路径"},"name":{"type":"string","description":"菜品名称"},"price":{"type":"number","description":"菜品价格"},"status":{"type":"integer","format":"int32","description":"菜品状态：1为起售，0为停售"}},"title":"ThingDTO","$$ref":"#/definitions/DishDTO","required":["categoryId","image","name","price"]}}}},"responses":{"200":{"description":"","content":{"application/json":{"schema":{"type":"object","properties":{"code":{"type":"integer","format":"int32"},"data":{"type":"string"},"msg":{"type":"string"}},"title":"R«string»","$$ref":"#/definitions/R«string»","required":["code"]}}},"headers":{}}},"security":[]},"put":{"summary":"修改菜品","deprecated":false,"description":"","tags":["菜品相关接口"],"parameters":[{"name":"Content-Type","in":"header","description":"","required":true,"example":"application/json","schema":{"type":"string"}}],"requestBody":{"content":{"application/json":{"schema":{"type":"object","properties":{"categoryId":{"type":"integer","format":"int64","title":"ThingDTO"},"description":{"type":"string"},"id":{"type":"integer","format":"int64"},"image":{"type":"string"},"name":{"type":"string"},"price":{"type":"number"},"status":{"type":"integer","format":"int32"}},"title":"ThingDTO","$$ref":"#/definitions/DishDTO","required":["categoryId","id","image","name","price"]}}}},"responses":{"200":{"description":"","content":{"application/json":{"schema":{"type":"object","properties":{"code":{"type":"integer","format":"int32"},"data":{"type":"string"},"msg":{"type":"string"}},"title":"R«string»","$$ref":"#/definitions/R«string»","required":["code"]}}},"headers":{}}},"security":[]}},"/marketer/dish/{id}":{"get":{"summary":"根据id查询商品","deprecated":false,"description":"","tags":["菜品相关接口"],"parameters":[{"name":"id","in":"path","description":"菜品id","required":true,"example":"101","schema":{"type":"string"}}],"responses":{"200":{"description":"","content":{"application/json":{"schema":{"type":"object","properties":{"code":{"type":"integer","format":"int32"},"data":{"type":"object","properties":{"categoryId":{"type":"integer","format":"int64"},"categoryName":{"type":"string"},"description":{"type":"string"},"id":{"type":"integer","format":"int64"},"image":{"type":"string"},"name":{"type":"string"},"price":{"type":"number"},"status":{"type":"integer","format":"int32"},"updateTime":{"type":"string","format":"date-time"},"amount":{"type":"string"}},"title":"ThingVO","$$ref":"#/definitions/DishVO","required":["categoryId","categoryName","description","id","image","name","price","status","updateTime","amount"]},"msg":{"type":"string"}},"title":"R«ThingVO»","$$ref":"#/definitions/R«DishVO»","required":["code","data"]}}},"headers":{}}},"security":[]}},"/admin/dish/status/{status}":{"post":{"summary":"菜品起售、停售","deprecated":false,"description":"","tags":["菜品相关接口"],"parameters":[{"name":"status","in":"path","description":"菜品状态：1为起售，0为停售","required":true,"example":"1","schema":{"type":"string"}},{"name":"id","in":"query","description":"菜品id","required":true,"example":"101","schema":{"type":"string"}},{"name":"Content-Type","in":"header","description":"","required":true,"example":"application/json","schema":{"type":"string"}}],"requestBody":{"content":{"application/json":{"schema":{"type":"object","properties":{}}}}},"responses":{"200":{"description":"","content":{"application/json":{"schema":{"type":"object","properties":{"code":{"type":"integer","format":"int32"},"data":{"type":"string"},"msg":{"type":"string"}},"title":"R«string»","$$ref":"#/definitions/R«string»","required":["code"]}}},"headers":{}}},"security":[]}},"/marketer/thing/list":{"get":{"summary":"根据分类id查询商品 Copy","deprecated":false,"description":"","tags":["菜品相关接口"],"parameters":[{"name":"categoryId","in":"query","description":"分类id","required":true,"example":"101","schema":{"type":"string"}}],"responses":{"200":{"description":"","content":{"application/json":{"schema":{"type":"object","properties":{"code":{"type":"integer","format":"int32"},"data":{"type":"array","items":{"type":"object","properties":{"categoryId":{"type":"integer","format":"int64"},"amount":{"type":"integer","format":"int64"},"createTime":{"type":"string","format":"date-time"},"createUser":{"type":"integer","format":"int64"},"description":{"type":"string"},"id":{"type":"integer","format":"int64"},"image":{"type":"string"},"name":{"type":"string"},"price":{"type":"number"},"status":{"type":"integer","format":"int32"},"updateTime":{"type":"string","format":"date-time"},"updateUser":{"type":"integer","format":"int64"}},"title":"Dish","$$ref":"#/definitions/Dish","required":["amount"]}},"msg":{"type":"string"}},"title":"R«List«Thing»»","$$ref":"#/definitions/R«List«Dish»»","required":["code"]}}},"headers":{}}},"security":[]}},"/marketer/thing/page":{"get":{"summary":"商品分页查询 Copy","deprecated":false,"description":"","tags":["菜品相关接口"],"parameters":[{"name":"categoryId","in":"query","description":"分类id（ThingPageQueryDTO）","required":false,"example":"101","schema":{"type":"string"}},{"name":"name","in":"query","description":"菜品名称","required":false,"example":"宫保鸡丁","schema":{"type":"string"}},{"name":"page","in":"query","description":"页码","required":true,"example":"1","schema":{"type":"string"}},{"name":"pageSize","in":"query","description":"每页记录数","required":true,"example":"10","schema":{"type":"string"}},{"name":"status","in":"query","description":"分类状态","required":false,"example":"1","schema":{"type":"string"}}],"responses":{"200":{"description":"","content":{"application/json":{"schema":{"type":"object","properties":{"code":{"type":"number"},"msg":{"type":"null"},"data":{"type":"object","properties":{"total":{"type":"number","description":"总记录数"},"records":{"type":"array","items":{"type":"object","properties":{"id":{"type":"number"},"name":{"type":"string"},"categoryId":{"type":"number"},"price":{"type":"number"},"image":{"type":"string"},"description":{"type":"string"},"status":{"type":"number"},"updateTime":{"type":"string"},"categoryName":{"type":"string","description":"分类名称"},"amount":{"type":"integer","format":"int64"}},"required":["id","name","categoryId","price","image","description","status","updateTime","categoryName","amount"],"description":"ThingVO"},"description":"当前页数据","title":"ThingVO"}},"required":["total","records"]}},"required":["code"]}}},"headers":{}}},"security":[]}}},"components":{"schemas":{},"securitySchemes":{}},"servers":[]}